experiment_id,best_val_mae,best_val_rmse,best_val_mape,notes,test_mae
B1,6.207291666666666,7.868384508176918,0.04137341974383069,Naive Last Value,
B2,12.699953703703704,15.081186824689702,0.08646054408922926,Moving Average Window 7,
B3,5.610706964460553,7.124124826937583,0.03706682049288616,Ridge on Lag Features,
R1,4.39014700979364,5.66387133021455,0.029032404150526735,GRU Forecast,4.789860487615805
